﻿<?xml version="1.0" encoding="utf-8" standalone="no" ?>
<modDesc descVersion="63">
    <author>Iceflower S</author>
    <version>22.2022.1.15</version>
    <title>
        <en>Brand Icons HQ</en>
        <en>Markenlogos HQ</en>
    </title>
    <description>
        <en><![CDATA[Get brand icons added by mods in high quality!]]></en>
        <en><![CDATA[Markenlogos von Mods in hoher Qualität!]]></en>
    </description>
    <iconFilename>icon.dds</iconFilename>
	<multiplayer supported="true"/>
    
	<brands>
        <brand name="AGROZET" title="Agrozet" image="brand/brand_agrozet.dds"/>
        <brand name="ARNEUBA" title="Arneuba" image="brand/brand_arneuba.dds"/>
        <brand name="BAARCK" title="Baarck" image="brand/brand_baarck.dds"/>
        <brand name="CRESSONI" title="Cressoni" image="brand/brand_cressoni.dds"/>
        <brand name="DELITIRE" title="Deli Tire" image="brand/brand_deliTire.dds"/>
        <brand name="ENGCON" title="engcon" image="brand/brand_engcon.dds"/>
        <brand name="EUROMASZ" title="Euro-Masz" image="brand/brand_euromasz.dds"/>
        <brand name="EVERS" title="Evers" image="brand/brand_evers.dds"/>
        <brand name="FORD" title="Ford" image="brand/brand_ford.dds"/>
        <brand name="FORTSCHRITT" title="Fortschritt" image="brand/brand_fortschritt.dds"/>
        <brand name="GUETTLER" title="Güttler" image="brand/brand_guettler.dds"/>
        <brand name="HERCULANO" title="Herculano" image="brand/brand_herculano.dds"/>
        <brand name="INO" title="Ino Brežice" image="brand/brand_ino.dds"/>
        <brand name="JAKO" title="Jako" image="brand/brand_jako.dds"/>
        <brand name="JYMPA" title="Jympa" image="brand/brand_jympa.dds"/>
        <brand name="KENWORTH" title="Kenworth" image="brand_kenworth.dds"/>
        <brand name="KUEPPERWEISSER" title="Küpper Weisser" image="brand/brand_kuepperWeisser.dds"/>
        <brand name="LANZ" title="Lanz" image="brand/brand_lanz.dds"/>
        <brand name="LANDSTAL" title="LandStal" image="brand/brand_landstal.dds"/>
        <brand name="LIEBHERR" title="Liebherr" image="brand/brand_liebherr.dds"/>
        <brand name="MEPORZET" title="Meprozet" image="brand/brand_meprozet.dds"/>
        <brand name="MERCEDES" title="Mercedes-Benz" image="brand/brand_mercedes.dds"/>
        <brand name="METALFACH" title="Metall-Fach" image="brand/brand_metalFach.dds"/>
        <brand name="MEYER" title="Meyer" image="brand/brand_meyer.dds"/>
        <brand name="ORKEL" title="Orkel" image="brand/brand_orkel.dds"/>
        <brand name="REISCH" title="Reisch" image="brand/brand_reisch.dds"/>
        <brand name="ROLLAND" title="Rolland" image="brand/brand_rolland.dds"/>
        <brand name="SAPHIR" title="Saphir" image="brand/brand_saphir.dds"/>
        <brand name="SCANIA" title="Scania" image="brand/brand_scania.dds"/>
        <brand name="SCHMITZ" title="Schmitz Cargobull" image="brand/brand_schmitz.dds"/>
        <brand name="SCHWARZMUELLER" title="Schwarzmüller" image="brand/brand_schwarzmueller.dds"/>
        <brand name="SEPPIM" title="Seppi M." image="brand/brand_seppim.dds"/>
        <brand name="STOLL" title="Stoll" image="brand/brand_stoll.dds"/>
        <brand name="SULKY" title="Sulky" image="brand/brand_sulky.dds"/>
        <brand name="TESLA" title="Tesla" image="brand/brand_tesla.dds"/>
        <brand name="TREFFLER" title="Treffler" image="brand/brand_treffler.dds"/>
        <brand name="TRUMAG" title="Trumag" image="brand/brand_trumag.dds"/>
        <brand name="UNIMOG" title="Unimog" image="brand/brand_unimog.dds"/>
        <brand name="UNIA" title="Unia" image="brand/brand_unia.dds"/>
        <brand name="VICON" title="Vicon" image="brand/brand_vicon.dds"/>
        <brand name="VOLKSWAGEN" title="Volkswagen" image="brand/brand_volkswagen.dds"/>
        <brand name="VOLVO" title="Volvo" image="brand/brand_volvo.dds"/>
        <brand name="ZUERN" title="Zürn" image="brand/brand_zuern.dds"/>
    </brands>
</modDesc>
